Day_Temp_Actual,Night_Temp_Actual,Day_Scale_14,Day_Scale_7,Night_Scale_14,Night_Scale_7,Seed_Num,Column,Row,Cell
25,5,24.62962963,23.88888889,5.37037037,6.111111111,1,1,1,1
25,5.740740741,24.62962963,23.88888889,5.37037037,6.111111111,2,1,1,2
25,6.481481481,24.62962963,23.88888889,6.851851852,6.111111111,3,2,1,1
25,7.222222222,24.62962963,23.88888889,6.851851852,6.111111111,4,2,1,2
25,7.962962963,24.62962963,23.88888889,8.333333333,9.074074074,5,3,1,1
25,8.703703704,24.62962963,23.88888889,8.333333333,9.074074074,6,3,1,2
25,9.444444444,24.62962963,23.88888889,9.814814815,9.074074074,7,4,1,1
25,10.18518519,24.62962963,23.88888889,9.814814815,9.074074074,8,4,1,2
25,10.92592593,24.62962963,23.88888889,11.2962963,12.03703704,9,5,1,1
25,11.66666667,24.62962963,23.88888889,11.2962963,12.03703704,10,5,1,2
25,12.40740741,24.62962963,23.88888889,12.77777778,12.03703704,11,6,1,1
25,13.14814815,24.62962963,23.88888889,12.77777778,12.03703704,12,6,1,2
25,13.88888889,24.62962963,23.88888889,14.25925926,15,13,7,1,1
25,14.62962963,24.62962963,23.88888889,14.25925926,15,14,7,1,2
25,15.37037037,24.62962963,23.88888889,15.74074074,15,15,8,1,1
25,16.11111111,24.62962963,23.88888889,15.74074074,15,16,8,1,2
25,16.85185185,24.62962963,23.88888889,17.22222222,17.96296296,17,9,1,1
25,17.59259259,24.62962963,23.88888889,17.22222222,17.96296296,18,9,1,2
25,18.33333333,24.62962963,23.88888889,18.7037037,17.96296296,19,10,1,1
25,19.07407407,24.62962963,23.88888889,18.7037037,17.96296296,20,10,1,2
25,19.81481481,24.62962963,23.88888889,20.18518519,20.92592593,21,11,1,1
25,20.55555556,24.62962963,23.88888889,20.18518519,20.92592593,22,11,1,2
25,21.2962963,24.62962963,23.88888889,21.66666667,20.92592593,23,12,1,1
25,22.03703704,24.62962963,23.88888889,21.66666667,20.92592593,24,12,1,2
25,22.77777778,24.62962963,23.88888889,23.14814815,23.88888889,25,13,1,1
25,23.51851852,24.62962963,23.88888889,23.14814815,23.88888889,26,13,1,2
25,24.25925926,24.62962963,23.88888889,24.62962963,23.88888889,27,14,1,1
25,25,24.62962963,23.88888889,24.62962963,23.88888889,28,14,1,2
24.25925926,5,24.62962963,23.88888889,5.37037037,6.111111111,29,1,1,4
24.25925926,5.740740741,24.62962963,23.88888889,5.37037037,6.111111111,30,1,1,3
24.25925926,6.481481481,24.62962963,23.88888889,6.851851852,6.111111111,31,2,1,4
24.25925926,7.222222222,24.62962963,23.88888889,6.851851852,6.111111111,32,2,1,3
24.25925926,7.962962963,24.62962963,23.88888889,8.333333333,9.074074074,33,3,1,4
24.25925926,8.703703704,24.62962963,23.88888889,8.333333333,9.074074074,34,3,1,3
24.25925926,9.444444444,24.62962963,23.88888889,9.814814815,9.074074074,35,4,1,4
24.25925926,10.18518519,24.62962963,23.88888889,9.814814815,9.074074074,36,4,1,3
24.25925926,10.92592593,24.62962963,23.88888889,11.2962963,12.03703704,37,5,1,4
24.25925926,11.66666667,24.62962963,23.88888889,11.2962963,12.03703704,38,5,1,3
24.25925926,12.40740741,24.62962963,23.88888889,12.77777778,12.03703704,39,6,1,4
24.25925926,13.14814815,24.62962963,23.88888889,12.77777778,12.03703704,40,6,1,3
24.25925926,13.88888889,24.62962963,23.88888889,14.25925926,15,41,7,1,4
24.25925926,14.62962963,24.62962963,23.88888889,14.25925926,15,42,7,1,3
24.25925926,15.37037037,24.62962963,23.88888889,15.74074074,15,43,8,1,4
24.25925926,16.11111111,24.62962963,23.88888889,15.74074074,15,44,8,1,3
24.25925926,16.85185185,24.62962963,23.88888889,17.22222222,17.96296296,45,9,1,4
24.25925926,17.59259259,24.62962963,23.88888889,17.22222222,17.96296296,46,9,1,3
24.25925926,18.33333333,24.62962963,23.88888889,18.7037037,17.96296296,47,10,1,4
24.25925926,19.07407407,24.62962963,23.88888889,18.7037037,17.96296296,48,10,1,3
24.25925926,19.81481481,24.62962963,23.88888889,20.18518519,20.92592593,49,11,1,4
24.25925926,20.55555556,24.62962963,23.88888889,20.18518519,20.92592593,50,11,1,3
24.25925926,21.2962963,24.62962963,23.88888889,21.66666667,20.92592593,51,12,1,4
24.25925926,22.03703704,24.62962963,23.88888889,21.66666667,20.92592593,52,12,1,3
24.25925926,22.77777778,24.62962963,23.88888889,23.14814815,23.88888889,53,13,1,4
24.25925926,23.51851852,24.62962963,23.88888889,23.14814815,23.88888889,54,13,1,3
24.25925926,24.25925926,24.62962963,23.88888889,24.62962963,23.88888889,55,14,1,4
24.25925926,25,24.62962963,23.88888889,24.62962963,23.88888889,56,14,1,3
23.51851852,5,23.14814815,23.88888889,5.37037037,6.111111111,57,1,2,1
23.51851852,5.740740741,23.14814815,23.88888889,5.37037037,6.111111111,58,1,2,2
23.51851852,6.481481481,23.14814815,23.88888889,6.851851852,6.111111111,59,2,2,1
23.51851852,7.222222222,23.14814815,23.88888889,6.851851852,6.111111111,60,2,2,2
23.51851852,7.962962963,23.14814815,23.88888889,8.333333333,9.074074074,61,3,2,1
23.51851852,8.703703704,23.14814815,23.88888889,8.333333333,9.074074074,62,3,2,2
23.51851852,9.444444444,23.14814815,23.88888889,9.814814815,9.074074074,63,4,2,1
23.51851852,10.18518519,23.14814815,23.88888889,9.814814815,9.074074074,64,4,2,2
23.51851852,10.92592593,23.14814815,23.88888889,11.2962963,12.03703704,65,5,2,1
23.51851852,11.66666667,23.14814815,23.88888889,11.2962963,12.03703704,66,5,2,2
23.51851852,12.40740741,23.14814815,23.88888889,12.77777778,12.03703704,67,6,2,1
23.51851852,13.14814815,23.14814815,23.88888889,12.77777778,12.03703704,68,6,2,2
23.51851852,13.88888889,23.14814815,23.88888889,14.25925926,15,69,7,2,1
23.51851852,14.62962963,23.14814815,23.88888889,14.25925926,15,70,7,2,2
23.51851852,15.37037037,23.14814815,23.88888889,15.74074074,15,71,8,2,1
23.51851852,16.11111111,23.14814815,23.88888889,15.74074074,15,72,8,2,2
23.51851852,16.85185185,23.14814815,23.88888889,17.22222222,17.96296296,73,9,2,1
23.51851852,17.59259259,23.14814815,23.88888889,17.22222222,17.96296296,74,9,2,2
23.51851852,18.33333333,23.14814815,23.88888889,18.7037037,17.96296296,75,10,2,1
23.51851852,19.07407407,23.14814815,23.88888889,18.7037037,17.96296296,76,10,2,2
23.51851852,19.81481481,23.14814815,23.88888889,20.18518519,20.92592593,77,11,2,1
23.51851852,20.55555556,23.14814815,23.88888889,20.18518519,20.92592593,78,11,2,2
23.51851852,21.2962963,23.14814815,23.88888889,21.66666667,20.92592593,79,12,2,1
23.51851852,22.03703704,23.14814815,23.88888889,21.66666667,20.92592593,80,12,2,2
23.51851852,22.77777778,23.14814815,23.88888889,23.14814815,23.88888889,81,13,2,1
23.51851852,23.51851852,23.14814815,23.88888889,23.14814815,23.88888889,82,13,2,2
23.51851852,24.25925926,23.14814815,23.88888889,24.62962963,23.88888889,83,14,2,1
23.51851852,25,23.14814815,23.88888889,24.62962963,23.88888889,84,14,2,2
22.77777778,5,23.14814815,23.88888889,5.37037037,6.111111111,85,1,2,4
22.77777778,5.740740741,23.14814815,23.88888889,5.37037037,6.111111111,86,1,2,3
22.77777778,6.481481481,23.14814815,23.88888889,6.851851852,6.111111111,87,2,2,4
22.77777778,7.222222222,23.14814815,23.88888889,6.851851852,6.111111111,88,2,2,3
22.77777778,7.962962963,23.14814815,23.88888889,8.333333333,9.074074074,89,3,2,4
22.77777778,8.703703704,23.14814815,23.88888889,8.333333333,9.074074074,90,3,2,3
22.77777778,9.444444444,23.14814815,23.88888889,9.814814815,9.074074074,91,4,2,4
22.77777778,10.18518519,23.14814815,23.88888889,9.814814815,9.074074074,92,4,2,3
22.77777778,10.92592593,23.14814815,23.88888889,11.2962963,12.03703704,93,5,2,4
22.77777778,11.66666667,23.14814815,23.88888889,11.2962963,12.03703704,94,5,2,3
22.77777778,12.40740741,23.14814815,23.88888889,12.77777778,12.03703704,95,6,2,4
22.77777778,13.14814815,23.14814815,23.88888889,12.77777778,12.03703704,96,6,2,3
22.77777778,13.88888889,23.14814815,23.88888889,14.25925926,15,97,7,2,4
22.77777778,14.62962963,23.14814815,23.88888889,14.25925926,15,98,7,2,3
22.77777778,15.37037037,23.14814815,23.88888889,15.74074074,15,99,8,2,4
22.77777778,16.11111111,23.14814815,23.88888889,15.74074074,15,100,8,2,3
22.77777778,16.85185185,23.14814815,23.88888889,17.22222222,17.96296296,101,9,2,4
22.77777778,17.59259259,23.14814815,23.88888889,17.22222222,17.96296296,102,9,2,3
22.77777778,18.33333333,23.14814815,23.88888889,18.7037037,17.96296296,103,10,2,4
22.77777778,19.07407407,23.14814815,23.88888889,18.7037037,17.96296296,104,10,2,3
22.77777778,19.81481481,23.14814815,23.88888889,20.18518519,20.92592593,105,11,2,4
22.77777778,20.55555556,23.14814815,23.88888889,20.18518519,20.92592593,106,11,2,3
22.77777778,21.2962963,23.14814815,23.88888889,21.66666667,20.92592593,107,12,2,4
22.77777778,22.03703704,23.14814815,23.88888889,21.66666667,20.92592593,108,12,2,3
22.77777778,22.77777778,23.14814815,23.88888889,23.14814815,23.88888889,109,13,2,4
22.77777778,23.51851852,23.14814815,23.88888889,23.14814815,23.88888889,110,13,2,3
22.77777778,24.25925926,23.14814815,23.88888889,24.62962963,23.88888889,111,14,2,4
22.77777778,25,23.14814815,23.88888889,24.62962963,23.88888889,112,14,2,3
22.03703704,5,21.66666667,20.92592593,5.37037037,6.111111111,113,1,3,1
22.03703704,5.740740741,21.66666667,20.92592593,5.37037037,6.111111111,114,1,3,2
22.03703704,6.481481481,21.66666667,20.92592593,6.851851852,6.111111111,115,2,3,1
22.03703704,7.222222222,21.66666667,20.92592593,6.851851852,6.111111111,116,2,3,2
22.03703704,7.962962963,21.66666667,20.92592593,8.333333333,9.074074074,117,3,3,1
22.03703704,8.703703704,21.66666667,20.92592593,8.333333333,9.074074074,118,3,3,2
22.03703704,9.444444444,21.66666667,20.92592593,9.814814815,9.074074074,119,4,3,1
22.03703704,10.18518519,21.66666667,20.92592593,9.814814815,9.074074074,120,4,3,2
22.03703704,10.92592593,21.66666667,20.92592593,11.2962963,12.03703704,121,5,3,1
22.03703704,11.66666667,21.66666667,20.92592593,11.2962963,12.03703704,122,5,3,2
22.03703704,12.40740741,21.66666667,20.92592593,12.77777778,12.03703704,123,6,3,1
22.03703704,13.14814815,21.66666667,20.92592593,12.77777778,12.03703704,124,6,3,2
22.03703704,13.88888889,21.66666667,20.92592593,14.25925926,15,125,7,3,1
22.03703704,14.62962963,21.66666667,20.92592593,14.25925926,15,126,7,3,2
22.03703704,15.37037037,21.66666667,20.92592593,15.74074074,15,127,8,3,1
22.03703704,16.11111111,21.66666667,20.92592593,15.74074074,15,128,8,3,2
22.03703704,16.85185185,21.66666667,20.92592593,17.22222222,17.96296296,129,9,3,1
22.03703704,17.59259259,21.66666667,20.92592593,17.22222222,17.96296296,130,9,3,2
22.03703704,18.33333333,21.66666667,20.92592593,18.7037037,17.96296296,131,10,3,1
22.03703704,19.07407407,21.66666667,20.92592593,18.7037037,17.96296296,132,10,3,2
22.03703704,19.81481481,21.66666667,20.92592593,20.18518519,20.92592593,133,11,3,1
22.03703704,20.55555556,21.66666667,20.92592593,20.18518519,20.92592593,134,11,3,2
22.03703704,21.2962963,21.66666667,20.92592593,21.66666667,20.92592593,135,12,3,1
22.03703704,22.03703704,21.66666667,20.92592593,21.66666667,20.92592593,136,12,3,2
22.03703704,22.77777778,21.66666667,20.92592593,23.14814815,23.88888889,137,13,3,1
22.03703704,23.51851852,21.66666667,20.92592593,23.14814815,23.88888889,138,13,3,2
22.03703704,24.25925926,21.66666667,20.92592593,24.62962963,23.88888889,139,14,3,1
22.03703704,25,21.66666667,20.92592593,24.62962963,23.88888889,140,14,3,2
21.2962963,5,21.66666667,20.92592593,5.37037037,6.111111111,141,1,3,4
21.2962963,5.740740741,21.66666667,20.92592593,5.37037037,6.111111111,142,1,3,3
21.2962963,6.481481481,21.66666667,20.92592593,6.851851852,6.111111111,143,2,3,4
21.2962963,7.222222222,21.66666667,20.92592593,6.851851852,6.111111111,144,2,3,3
21.2962963,7.962962963,21.66666667,20.92592593,8.333333333,9.074074074,145,3,3,4
21.2962963,8.703703704,21.66666667,20.92592593,8.333333333,9.074074074,146,3,3,3
21.2962963,9.444444444,21.66666667,20.92592593,9.814814815,9.074074074,147,4,3,4
21.2962963,10.18518519,21.66666667,20.92592593,9.814814815,9.074074074,148,4,3,3
21.2962963,10.92592593,21.66666667,20.92592593,11.2962963,12.03703704,149,5,3,4
21.2962963,11.66666667,21.66666667,20.92592593,11.2962963,12.03703704,150,5,3,3
21.2962963,12.40740741,21.66666667,20.92592593,12.77777778,12.03703704,151,6,3,4
21.2962963,13.14814815,21.66666667,20.92592593,12.77777778,12.03703704,152,6,3,3
21.2962963,13.88888889,21.66666667,20.92592593,14.25925926,15,153,7,3,4
21.2962963,14.62962963,21.66666667,20.92592593,14.25925926,15,154,7,3,3
21.2962963,15.37037037,21.66666667,20.92592593,15.74074074,15,155,8,3,4
21.2962963,16.11111111,21.66666667,20.92592593,15.74074074,15,156,8,3,3
21.2962963,16.85185185,21.66666667,20.92592593,17.22222222,17.96296296,157,9,3,4
21.2962963,17.59259259,21.66666667,20.92592593,17.22222222,17.96296296,158,9,3,3
21.2962963,18.33333333,21.66666667,20.92592593,18.7037037,17.96296296,159,10,3,4
21.2962963,19.07407407,21.66666667,20.92592593,18.7037037,17.96296296,160,10,3,3
21.2962963,19.81481481,21.66666667,20.92592593,20.18518519,20.92592593,161,11,3,4
21.2962963,20.55555556,21.66666667,20.92592593,20.18518519,20.92592593,162,11,3,3
21.2962963,21.2962963,21.66666667,20.92592593,21.66666667,20.92592593,163,12,3,4
21.2962963,22.03703704,21.66666667,20.92592593,21.66666667,20.92592593,164,12,3,3
21.2962963,22.77777778,21.66666667,20.92592593,23.14814815,23.88888889,165,13,3,4
21.2962963,23.51851852,21.66666667,20.92592593,23.14814815,23.88888889,166,13,3,3
21.2962963,24.25925926,21.66666667,20.92592593,24.62962963,23.88888889,167,14,3,4
21.2962963,25,21.66666667,20.92592593,24.62962963,23.88888889,168,14,3,3
20.55555556,5,20.18518519,20.92592593,5.37037037,6.111111111,169,1,4,1
20.55555556,5.740740741,20.18518519,20.92592593,5.37037037,6.111111111,170,1,4,2
20.55555556,6.481481481,20.18518519,20.92592593,6.851851852,6.111111111,171,2,4,1
20.55555556,7.222222222,20.18518519,20.92592593,6.851851852,6.111111111,172,2,4,2
20.55555556,7.962962963,20.18518519,20.92592593,8.333333333,9.074074074,173,3,4,1
20.55555556,8.703703704,20.18518519,20.92592593,8.333333333,9.074074074,174,3,4,2
20.55555556,9.444444444,20.18518519,20.92592593,9.814814815,9.074074074,175,4,4,1
20.55555556,10.18518519,20.18518519,20.92592593,9.814814815,9.074074074,176,4,4,2
20.55555556,10.92592593,20.18518519,20.92592593,11.2962963,12.03703704,177,5,4,1
20.55555556,11.66666667,20.18518519,20.92592593,11.2962963,12.03703704,178,5,4,2
20.55555556,12.40740741,20.18518519,20.92592593,12.77777778,12.03703704,179,6,4,1
20.55555556,13.14814815,20.18518519,20.92592593,12.77777778,12.03703704,180,6,4,2
20.55555556,13.88888889,20.18518519,20.92592593,14.25925926,15,181,7,4,1
20.55555556,14.62962963,20.18518519,20.92592593,14.25925926,15,182,7,4,2
20.55555556,15.37037037,20.18518519,20.92592593,15.74074074,15,183,8,4,1
20.55555556,16.11111111,20.18518519,20.92592593,15.74074074,15,184,8,4,2
20.55555556,16.85185185,20.18518519,20.92592593,17.22222222,17.96296296,185,9,4,1
20.55555556,17.59259259,20.18518519,20.92592593,17.22222222,17.96296296,186,9,4,2
20.55555556,18.33333333,20.18518519,20.92592593,18.7037037,17.96296296,187,10,4,1
20.55555556,19.07407407,20.18518519,20.92592593,18.7037037,17.96296296,188,10,4,2
20.55555556,19.81481481,20.18518519,20.92592593,20.18518519,20.92592593,189,11,4,1
20.55555556,20.55555556,20.18518519,20.92592593,20.18518519,20.92592593,190,11,4,2
20.55555556,21.2962963,20.18518519,20.92592593,21.66666667,20.92592593,191,12,4,1
20.55555556,22.03703704,20.18518519,20.92592593,21.66666667,20.92592593,192,12,4,2
20.55555556,22.77777778,20.18518519,20.92592593,23.14814815,23.88888889,193,13,4,1
20.55555556,23.51851852,20.18518519,20.92592593,23.14814815,23.88888889,194,13,4,2
20.55555556,24.25925926,20.18518519,20.92592593,24.62962963,23.88888889,195,14,4,1
20.55555556,25,20.18518519,20.92592593,24.62962963,23.88888889,196,14,4,2
19.81481481,5,20.18518519,20.92592593,5.37037037,6.111111111,197,1,4,4
19.81481481,5.740740741,20.18518519,20.92592593,5.37037037,6.111111111,198,1,4,3
19.81481481,6.481481481,20.18518519,20.92592593,6.851851852,6.111111111,199,2,4,4
19.81481481,7.222222222,20.18518519,20.92592593,6.851851852,6.111111111,200,2,4,3
19.81481481,7.962962963,20.18518519,20.92592593,8.333333333,9.074074074,201,3,4,4
19.81481481,8.703703704,20.18518519,20.92592593,8.333333333,9.074074074,202,3,4,3
19.81481481,9.444444444,20.18518519,20.92592593,9.814814815,9.074074074,203,4,4,4
19.81481481,10.18518519,20.18518519,20.92592593,9.814814815,9.074074074,204,4,4,3
19.81481481,10.92592593,20.18518519,20.92592593,11.2962963,12.03703704,205,5,4,4
19.81481481,11.66666667,20.18518519,20.92592593,11.2962963,12.03703704,206,5,4,3
19.81481481,12.40740741,20.18518519,20.92592593,12.77777778,12.03703704,207,6,4,4
19.81481481,13.14814815,20.18518519,20.92592593,12.77777778,12.03703704,208,6,4,3
19.81481481,13.88888889,20.18518519,20.92592593,14.25925926,15,209,7,4,4
19.81481481,14.62962963,20.18518519,20.92592593,14.25925926,15,210,7,4,3
19.81481481,15.37037037,20.18518519,20.92592593,15.74074074,15,211,8,4,4
19.81481481,16.11111111,20.18518519,20.92592593,15.74074074,15,212,8,4,3
19.81481481,16.85185185,20.18518519,20.92592593,17.22222222,17.96296296,213,9,4,4
19.81481481,17.59259259,20.18518519,20.92592593,17.22222222,17.96296296,214,9,4,3
19.81481481,18.33333333,20.18518519,20.92592593,18.7037037,17.96296296,215,10,4,4
19.81481481,19.07407407,20.18518519,20.92592593,18.7037037,17.96296296,216,10,4,3
19.81481481,19.81481481,20.18518519,20.92592593,20.18518519,20.92592593,217,11,4,4
19.81481481,20.55555556,20.18518519,20.92592593,20.18518519,20.92592593,218,11,4,3
19.81481481,21.2962963,20.18518519,20.92592593,21.66666667,20.92592593,219,12,4,4
19.81481481,22.03703704,20.18518519,20.92592593,21.66666667,20.92592593,220,12,4,3
19.81481481,22.77777778,20.18518519,20.92592593,23.14814815,23.88888889,221,13,4,4
19.81481481,23.51851852,20.18518519,20.92592593,23.14814815,23.88888889,222,13,4,3
19.81481481,24.25925926,20.18518519,20.92592593,24.62962963,23.88888889,223,14,4,4
19.81481481,25,20.18518519,20.92592593,24.62962963,23.88888889,224,14,4,3
19.07407407,5,18.7037037,17.96296296,5.37037037,6.111111111,225,1,5,1
19.07407407,5.740740741,18.7037037,17.96296296,5.37037037,6.111111111,226,1,5,2
19.07407407,6.481481481,18.7037037,17.96296296,6.851851852,6.111111111,227,2,5,1
19.07407407,7.222222222,18.7037037,17.96296296,6.851851852,6.111111111,228,2,5,2
19.07407407,7.962962963,18.7037037,17.96296296,8.333333333,9.074074074,229,3,5,1
19.07407407,8.703703704,18.7037037,17.96296296,8.333333333,9.074074074,230,3,5,2
19.07407407,9.444444444,18.7037037,17.96296296,9.814814815,9.074074074,231,4,5,1
19.07407407,10.18518519,18.7037037,17.96296296,9.814814815,9.074074074,232,4,5,2
19.07407407,10.92592593,18.7037037,17.96296296,11.2962963,12.03703704,233,5,5,1
19.07407407,11.66666667,18.7037037,17.96296296,11.2962963,12.03703704,234,5,5,2
19.07407407,12.40740741,18.7037037,17.96296296,12.77777778,12.03703704,235,6,5,1
19.07407407,13.14814815,18.7037037,17.96296296,12.77777778,12.03703704,236,6,5,2
19.07407407,13.88888889,18.7037037,17.96296296,14.25925926,15,237,7,5,1
19.07407407,14.62962963,18.7037037,17.96296296,14.25925926,15,238,7,5,2
19.07407407,15.37037037,18.7037037,17.96296296,15.74074074,15,239,8,5,1
19.07407407,16.11111111,18.7037037,17.96296296,15.74074074,15,240,8,5,2
19.07407407,16.85185185,18.7037037,17.96296296,17.22222222,17.96296296,241,9,5,1
19.07407407,17.59259259,18.7037037,17.96296296,17.22222222,17.96296296,242,9,5,2
19.07407407,18.33333333,18.7037037,17.96296296,18.7037037,17.96296296,243,10,5,1
19.07407407,19.07407407,18.7037037,17.96296296,18.7037037,17.96296296,244,10,5,2
19.07407407,19.81481481,18.7037037,17.96296296,20.18518519,20.92592593,245,11,5,1
19.07407407,20.55555556,18.7037037,17.96296296,20.18518519,20.92592593,246,11,5,2
19.07407407,21.2962963,18.7037037,17.96296296,21.66666667,20.92592593,247,12,5,1
19.07407407,22.03703704,18.7037037,17.96296296,21.66666667,20.92592593,248,12,5,2
19.07407407,22.77777778,18.7037037,17.96296296,23.14814815,23.88888889,249,13,5,1
19.07407407,23.51851852,18.7037037,17.96296296,23.14814815,23.88888889,250,13,5,2
19.07407407,24.25925926,18.7037037,17.96296296,24.62962963,23.88888889,251,14,5,1
19.07407407,25,18.7037037,17.96296296,24.62962963,23.88888889,252,14,5,2
18.33333333,5,18.7037037,17.96296296,5.37037037,6.111111111,253,1,5,4
18.33333333,5.740740741,18.7037037,17.96296296,5.37037037,6.111111111,254,1,5,3
18.33333333,6.481481481,18.7037037,17.96296296,6.851851852,6.111111111,255,2,5,4
18.33333333,7.222222222,18.7037037,17.96296296,6.851851852,6.111111111,256,2,5,3
18.33333333,7.962962963,18.7037037,17.96296296,8.333333333,9.074074074,257,3,5,4
18.33333333,8.703703704,18.7037037,17.96296296,8.333333333,9.074074074,258,3,5,3
18.33333333,9.444444444,18.7037037,17.96296296,9.814814815,9.074074074,259,4,5,4
18.33333333,10.18518519,18.7037037,17.96296296,9.814814815,9.074074074,260,4,5,3
18.33333333,10.92592593,18.7037037,17.96296296,11.2962963,12.03703704,261,5,5,4
18.33333333,11.66666667,18.7037037,17.96296296,11.2962963,12.03703704,262,5,5,3
18.33333333,12.40740741,18.7037037,17.96296296,12.77777778,12.03703704,263,6,5,4
18.33333333,13.14814815,18.7037037,17.96296296,12.77777778,12.03703704,264,6,5,3
18.33333333,13.88888889,18.7037037,17.96296296,14.25925926,15,265,7,5,4
18.33333333,14.62962963,18.7037037,17.96296296,14.25925926,15,266,7,5,3
18.33333333,15.37037037,18.7037037,17.96296296,15.74074074,15,267,8,5,4
18.33333333,16.11111111,18.7037037,17.96296296,15.74074074,15,268,8,5,3
18.33333333,16.85185185,18.7037037,17.96296296,17.22222222,17.96296296,269,9,5,4
18.33333333,17.59259259,18.7037037,17.96296296,17.22222222,17.96296296,270,9,5,3
18.33333333,18.33333333,18.7037037,17.96296296,18.7037037,17.96296296,271,10,5,4
18.33333333,19.07407407,18.7037037,17.96296296,18.7037037,17.96296296,272,10,5,3
18.33333333,19.81481481,18.7037037,17.96296296,20.18518519,20.92592593,273,11,5,4
18.33333333,20.55555556,18.7037037,17.96296296,20.18518519,20.92592593,274,11,5,3
18.33333333,21.2962963,18.7037037,17.96296296,21.66666667,20.92592593,275,12,5,4
18.33333333,22.03703704,18.7037037,17.96296296,21.66666667,20.92592593,276,12,5,3
18.33333333,22.77777778,18.7037037,17.96296296,23.14814815,23.88888889,277,13,5,4
18.33333333,23.51851852,18.7037037,17.96296296,23.14814815,23.88888889,278,13,5,3
18.33333333,24.25925926,18.7037037,17.96296296,24.62962963,23.88888889,279,14,5,4
18.33333333,25,18.7037037,17.96296296,24.62962963,23.88888889,280,14,5,3
17.59259259,5,17.22222222,17.96296296,5.37037037,6.111111111,281,1,6,1
17.59259259,5.740740741,17.22222222,17.96296296,5.37037037,6.111111111,282,1,6,2
17.59259259,6.481481481,17.22222222,17.96296296,6.851851852,6.111111111,283,2,6,1
17.59259259,7.222222222,17.22222222,17.96296296,6.851851852,6.111111111,284,2,6,2
17.59259259,7.962962963,17.22222222,17.96296296,8.333333333,9.074074074,285,3,6,1
17.59259259,8.703703704,17.22222222,17.96296296,8.333333333,9.074074074,286,3,6,2
17.59259259,9.444444444,17.22222222,17.96296296,9.814814815,9.074074074,287,4,6,1
17.59259259,10.18518519,17.22222222,17.96296296,9.814814815,9.074074074,288,4,6,2
17.59259259,10.92592593,17.22222222,17.96296296,11.2962963,12.03703704,289,5,6,1
17.59259259,11.66666667,17.22222222,17.96296296,11.2962963,12.03703704,290,5,6,2
17.59259259,12.40740741,17.22222222,17.96296296,12.77777778,12.03703704,291,6,6,1
17.59259259,13.14814815,17.22222222,17.96296296,12.77777778,12.03703704,292,6,6,2
17.59259259,13.88888889,17.22222222,17.96296296,14.25925926,15,293,7,6,1
17.59259259,14.62962963,17.22222222,17.96296296,14.25925926,15,294,7,6,2
17.59259259,15.37037037,17.22222222,17.96296296,15.74074074,15,295,8,6,1
17.59259259,16.11111111,17.22222222,17.96296296,15.74074074,15,296,8,6,2
17.59259259,16.85185185,17.22222222,17.96296296,17.22222222,17.96296296,297,9,6,1
17.59259259,17.59259259,17.22222222,17.96296296,17.22222222,17.96296296,298,9,6,2
17.59259259,18.33333333,17.22222222,17.96296296,18.7037037,17.96296296,299,10,6,1
17.59259259,19.07407407,17.22222222,17.96296296,18.7037037,17.96296296,300,10,6,2
17.59259259,19.81481481,17.22222222,17.96296296,20.18518519,20.92592593,301,11,6,1
17.59259259,20.55555556,17.22222222,17.96296296,20.18518519,20.92592593,302,11,6,2
17.59259259,21.2962963,17.22222222,17.96296296,21.66666667,20.92592593,303,12,6,1
17.59259259,22.03703704,17.22222222,17.96296296,21.66666667,20.92592593,304,12,6,2
17.59259259,22.77777778,17.22222222,17.96296296,23.14814815,23.88888889,305,13,6,1
17.59259259,23.51851852,17.22222222,17.96296296,23.14814815,23.88888889,306,13,6,2
17.59259259,24.25925926,17.22222222,17.96296296,24.62962963,23.88888889,307,14,6,1
17.59259259,25,17.22222222,17.96296296,24.62962963,23.88888889,308,14,6,2
16.85185185,5,17.22222222,17.96296296,5.37037037,6.111111111,309,1,6,4
16.85185185,5.740740741,17.22222222,17.96296296,5.37037037,6.111111111,310,1,6,3
16.85185185,6.481481481,17.22222222,17.96296296,6.851851852,6.111111111,311,2,6,4
16.85185185,7.222222222,17.22222222,17.96296296,6.851851852,6.111111111,312,2,6,3
16.85185185,7.962962963,17.22222222,17.96296296,8.333333333,9.074074074,313,3,6,4
16.85185185,8.703703704,17.22222222,17.96296296,8.333333333,9.074074074,314,3,6,3
16.85185185,9.444444444,17.22222222,17.96296296,9.814814815,9.074074074,315,4,6,4
16.85185185,10.18518519,17.22222222,17.96296296,9.814814815,9.074074074,316,4,6,3
16.85185185,10.92592593,17.22222222,17.96296296,11.2962963,12.03703704,317,5,6,4
16.85185185,11.66666667,17.22222222,17.96296296,11.2962963,12.03703704,318,5,6,3
16.85185185,12.40740741,17.22222222,17.96296296,12.77777778,12.03703704,319,6,6,4
16.85185185,13.14814815,17.22222222,17.96296296,12.77777778,12.03703704,320,6,6,3
16.85185185,13.88888889,17.22222222,17.96296296,14.25925926,15,321,7,6,4
16.85185185,14.62962963,17.22222222,17.96296296,14.25925926,15,322,7,6,3
16.85185185,15.37037037,17.22222222,17.96296296,15.74074074,15,323,8,6,4
16.85185185,16.11111111,17.22222222,17.96296296,15.74074074,15,324,8,6,3
16.85185185,16.85185185,17.22222222,17.96296296,17.22222222,17.96296296,325,9,6,4
16.85185185,17.59259259,17.22222222,17.96296296,17.22222222,17.96296296,326,9,6,3
16.85185185,18.33333333,17.22222222,17.96296296,18.7037037,17.96296296,327,10,6,4
16.85185185,19.07407407,17.22222222,17.96296296,18.7037037,17.96296296,328,10,6,3
16.85185185,19.81481481,17.22222222,17.96296296,20.18518519,20.92592593,329,11,6,4
16.85185185,20.55555556,17.22222222,17.96296296,20.18518519,20.92592593,330,11,6,3
16.85185185,21.2962963,17.22222222,17.96296296,21.66666667,20.92592593,331,12,6,4
16.85185185,22.03703704,17.22222222,17.96296296,21.66666667,20.92592593,332,12,6,3
16.85185185,22.77777778,17.22222222,17.96296296,23.14814815,23.88888889,333,13,6,4
16.85185185,23.51851852,17.22222222,17.96296296,23.14814815,23.88888889,334,13,6,3
16.85185185,24.25925926,17.22222222,17.96296296,24.62962963,23.88888889,335,14,6,4
16.85185185,25,17.22222222,17.96296296,24.62962963,23.88888889,336,14,6,3
16.11111111,5,15.74074074,15,5.37037037,6.111111111,337,1,7,1
16.11111111,5.740740741,15.74074074,15,5.37037037,6.111111111,338,1,7,2
16.11111111,6.481481481,15.74074074,15,6.851851852,6.111111111,339,2,7,1
16.11111111,7.222222222,15.74074074,15,6.851851852,6.111111111,340,2,7,2
16.11111111,7.962962963,15.74074074,15,8.333333333,9.074074074,341,3,7,1
16.11111111,8.703703704,15.74074074,15,8.333333333,9.074074074,342,3,7,2
16.11111111,9.444444444,15.74074074,15,9.814814815,9.074074074,343,4,7,1
16.11111111,10.18518519,15.74074074,15,9.814814815,9.074074074,344,4,7,2
16.11111111,10.92592593,15.74074074,15,11.2962963,12.03703704,345,5,7,1
16.11111111,11.66666667,15.74074074,15,11.2962963,12.03703704,346,5,7,2
16.11111111,12.40740741,15.74074074,15,12.77777778,12.03703704,347,6,7,1
16.11111111,13.14814815,15.74074074,15,12.77777778,12.03703704,348,6,7,2
16.11111111,13.88888889,15.74074074,15,14.25925926,15,349,7,7,1
16.11111111,14.62962963,15.74074074,15,14.25925926,15,350,7,7,2
16.11111111,15.37037037,15.74074074,15,15.74074074,15,351,8,7,1
16.11111111,16.11111111,15.74074074,15,15.74074074,15,352,8,7,2
16.11111111,16.85185185,15.74074074,15,17.22222222,17.96296296,353,9,7,1
16.11111111,17.59259259,15.74074074,15,17.22222222,17.96296296,354,9,7,2
16.11111111,18.33333333,15.74074074,15,18.7037037,17.96296296,355,10,7,1
16.11111111,19.07407407,15.74074074,15,18.7037037,17.96296296,356,10,7,2
16.11111111,19.81481481,15.74074074,15,20.18518519,20.92592593,357,11,7,1
16.11111111,20.55555556,15.74074074,15,20.18518519,20.92592593,358,11,7,2
16.11111111,21.2962963,15.74074074,15,21.66666667,20.92592593,359,12,7,1
16.11111111,22.03703704,15.74074074,15,21.66666667,20.92592593,360,12,7,2
16.11111111,22.77777778,15.74074074,15,23.14814815,23.88888889,361,13,7,1
16.11111111,23.51851852,15.74074074,15,23.14814815,23.88888889,362,13,7,2
16.11111111,24.25925926,15.74074074,15,24.62962963,23.88888889,363,14,7,1
16.11111111,25,15.74074074,15,24.62962963,23.88888889,364,14,7,2
15.37037037,5,15.74074074,15,5.37037037,6.111111111,365,1,7,4
15.37037037,5.740740741,15.74074074,15,5.37037037,6.111111111,366,1,7,3
15.37037037,6.481481481,15.74074074,15,6.851851852,6.111111111,367,2,7,4
15.37037037,7.222222222,15.74074074,15,6.851851852,6.111111111,368,2,7,3
15.37037037,7.962962963,15.74074074,15,8.333333333,9.074074074,369,3,7,4
15.37037037,8.703703704,15.74074074,15,8.333333333,9.074074074,370,3,7,3
15.37037037,9.444444444,15.74074074,15,9.814814815,9.074074074,371,4,7,4
15.37037037,10.18518519,15.74074074,15,9.814814815,9.074074074,372,4,7,3
15.37037037,10.92592593,15.74074074,15,11.2962963,12.03703704,373,5,7,4
15.37037037,11.66666667,15.74074074,15,11.2962963,12.03703704,374,5,7,3
15.37037037,12.40740741,15.74074074,15,12.77777778,12.03703704,375,6,7,4
15.37037037,13.14814815,15.74074074,15,12.77777778,12.03703704,376,6,7,3
15.37037037,13.88888889,15.74074074,15,14.25925926,15,377,7,7,4
15.37037037,14.62962963,15.74074074,15,14.25925926,15,378,7,7,3
15.37037037,15.37037037,15.74074074,15,15.74074074,15,379,8,7,4
15.37037037,16.11111111,15.74074074,15,15.74074074,15,380,8,7,3
15.37037037,16.85185185,15.74074074,15,17.22222222,17.96296296,381,9,7,4
15.37037037,17.59259259,15.74074074,15,17.22222222,17.96296296,382,9,7,3
15.37037037,18.33333333,15.74074074,15,18.7037037,17.96296296,383,10,7,4
15.37037037,19.07407407,15.74074074,15,18.7037037,17.96296296,384,10,7,3
15.37037037,19.81481481,15.74074074,15,20.18518519,20.92592593,385,11,7,4
15.37037037,20.55555556,15.74074074,15,20.18518519,20.92592593,386,11,7,3
15.37037037,21.2962963,15.74074074,15,21.66666667,20.92592593,387,12,7,4
15.37037037,22.03703704,15.74074074,15,21.66666667,20.92592593,388,12,7,3
15.37037037,22.77777778,15.74074074,15,23.14814815,23.88888889,389,13,7,4
15.37037037,23.51851852,15.74074074,15,23.14814815,23.88888889,390,13,7,3
15.37037037,24.25925926,15.74074074,15,24.62962963,23.88888889,391,14,7,4
15.37037037,25,15.74074074,15,24.62962963,23.88888889,392,14,7,3
14.62962963,5,14.25925926,15,5.37037037,6.111111111,393,1,8,1
14.62962963,5.740740741,14.25925926,15,5.37037037,6.111111111,394,1,8,2
14.62962963,6.481481481,14.25925926,15,6.851851852,6.111111111,395,2,8,1
14.62962963,7.222222222,14.25925926,15,6.851851852,6.111111111,396,2,8,2
14.62962963,7.962962963,14.25925926,15,8.333333333,9.074074074,397,3,8,1
14.62962963,8.703703704,14.25925926,15,8.333333333,9.074074074,398,3,8,2
14.62962963,9.444444444,14.25925926,15,9.814814815,9.074074074,399,4,8,1
14.62962963,10.18518519,14.25925926,15,9.814814815,9.074074074,400,4,8,2
14.62962963,10.92592593,14.25925926,15,11.2962963,12.03703704,401,5,8,1
14.62962963,11.66666667,14.25925926,15,11.2962963,12.03703704,402,5,8,2
14.62962963,12.40740741,14.25925926,15,12.77777778,12.03703704,403,6,8,1
14.62962963,13.14814815,14.25925926,15,12.77777778,12.03703704,404,6,8,2
14.62962963,13.88888889,14.25925926,15,14.25925926,15,405,7,8,1
14.62962963,14.62962963,14.25925926,15,14.25925926,15,406,7,8,2
14.62962963,15.37037037,14.25925926,15,15.74074074,15,407,8,8,1
14.62962963,16.11111111,14.25925926,15,15.74074074,15,408,8,8,2
14.62962963,16.85185185,14.25925926,15,17.22222222,17.96296296,409,9,8,1
14.62962963,17.59259259,14.25925926,15,17.22222222,17.96296296,410,9,8,2
14.62962963,18.33333333,14.25925926,15,18.7037037,17.96296296,411,10,8,1
14.62962963,19.07407407,14.25925926,15,18.7037037,17.96296296,412,10,8,2
14.62962963,19.81481481,14.25925926,15,20.18518519,20.92592593,413,11,8,1
14.62962963,20.55555556,14.25925926,15,20.18518519,20.92592593,414,11,8,2
14.62962963,21.2962963,14.25925926,15,21.66666667,20.92592593,415,12,8,1
14.62962963,22.03703704,14.25925926,15,21.66666667,20.92592593,416,12,8,2
14.62962963,22.77777778,14.25925926,15,23.14814815,23.88888889,417,13,8,1
14.62962963,23.51851852,14.25925926,15,23.14814815,23.88888889,418,13,8,2
14.62962963,24.25925926,14.25925926,15,24.62962963,23.88888889,419,14,8,1
14.62962963,25,14.25925926,15,24.62962963,23.88888889,420,14,8,2
13.88888889,5,14.25925926,15,5.37037037,6.111111111,421,1,8,4
13.88888889,5.740740741,14.25925926,15,5.37037037,6.111111111,422,1,8,3
13.88888889,6.481481481,14.25925926,15,6.851851852,6.111111111,423,2,8,4
13.88888889,7.222222222,14.25925926,15,6.851851852,6.111111111,424,2,8,3
13.88888889,7.962962963,14.25925926,15,8.333333333,9.074074074,425,3,8,4
13.88888889,8.703703704,14.25925926,15,8.333333333,9.074074074,426,3,8,3
13.88888889,9.444444444,14.25925926,15,9.814814815,9.074074074,427,4,8,4
13.88888889,10.18518519,14.25925926,15,9.814814815,9.074074074,428,4,8,3
13.88888889,10.92592593,14.25925926,15,11.2962963,12.03703704,429,5,8,4
13.88888889,11.66666667,14.25925926,15,11.2962963,12.03703704,430,5,8,3
13.88888889,12.40740741,14.25925926,15,12.77777778,12.03703704,431,6,8,4
13.88888889,13.14814815,14.25925926,15,12.77777778,12.03703704,432,6,8,3
13.88888889,13.88888889,14.25925926,15,14.25925926,15,433,7,8,4
13.88888889,14.62962963,14.25925926,15,14.25925926,15,434,7,8,3
13.88888889,15.37037037,14.25925926,15,15.74074074,15,435,8,8,4
13.88888889,16.11111111,14.25925926,15,15.74074074,15,436,8,8,3
13.88888889,16.85185185,14.25925926,15,17.22222222,17.96296296,437,9,8,4
13.88888889,17.59259259,14.25925926,15,17.22222222,17.96296296,438,9,8,3
13.88888889,18.33333333,14.25925926,15,18.7037037,17.96296296,439,10,8,4
13.88888889,19.07407407,14.25925926,15,18.7037037,17.96296296,440,10,8,3
13.88888889,19.81481481,14.25925926,15,20.18518519,20.92592593,441,11,8,4
13.88888889,20.55555556,14.25925926,15,20.18518519,20.92592593,442,11,8,3
13.88888889,21.2962963,14.25925926,15,21.66666667,20.92592593,443,12,8,4
13.88888889,22.03703704,14.25925926,15,21.66666667,20.92592593,444,12,8,3
13.88888889,22.77777778,14.25925926,15,23.14814815,23.88888889,445,13,8,4
13.88888889,23.51851852,14.25925926,15,23.14814815,23.88888889,446,13,8,3
13.88888889,24.25925926,14.25925926,15,24.62962963,23.88888889,447,14,8,4
13.88888889,25,14.25925926,15,24.62962963,23.88888889,448,14,8,3
13.14814815,5,12.77777778,12.03703704,5.37037037,6.111111111,449,1,9,1
13.14814815,5.740740741,12.77777778,12.03703704,5.37037037,6.111111111,450,1,9,2
13.14814815,6.481481481,12.77777778,12.03703704,6.851851852,6.111111111,451,2,9,1
13.14814815,7.222222222,12.77777778,12.03703704,6.851851852,6.111111111,452,2,9,2
13.14814815,7.962962963,12.77777778,12.03703704,8.333333333,9.074074074,453,3,9,1
13.14814815,8.703703704,12.77777778,12.03703704,8.333333333,9.074074074,454,3,9,2
13.14814815,9.444444444,12.77777778,12.03703704,9.814814815,9.074074074,455,4,9,1
13.14814815,10.18518519,12.77777778,12.03703704,9.814814815,9.074074074,456,4,9,2
13.14814815,10.92592593,12.77777778,12.03703704,11.2962963,12.03703704,457,5,9,1
13.14814815,11.66666667,12.77777778,12.03703704,11.2962963,12.03703704,458,5,9,2
13.14814815,12.40740741,12.77777778,12.03703704,12.77777778,12.03703704,459,6,9,1
13.14814815,13.14814815,12.77777778,12.03703704,12.77777778,12.03703704,460,6,9,2
13.14814815,13.88888889,12.77777778,12.03703704,14.25925926,15,461,7,9,1
13.14814815,14.62962963,12.77777778,12.03703704,14.25925926,15,462,7,9,2
13.14814815,15.37037037,12.77777778,12.03703704,15.74074074,15,463,8,9,1
13.14814815,16.11111111,12.77777778,12.03703704,15.74074074,15,464,8,9,2
13.14814815,16.85185185,12.77777778,12.03703704,17.22222222,17.96296296,465,9,9,1
13.14814815,17.59259259,12.77777778,12.03703704,17.22222222,17.96296296,466,9,9,2
13.14814815,18.33333333,12.77777778,12.03703704,18.7037037,17.96296296,467,10,9,1
13.14814815,19.07407407,12.77777778,12.03703704,18.7037037,17.96296296,468,10,9,2
13.14814815,19.81481481,12.77777778,12.03703704,20.18518519,20.92592593,469,11,9,1
13.14814815,20.55555556,12.77777778,12.03703704,20.18518519,20.92592593,470,11,9,2
13.14814815,21.2962963,12.77777778,12.03703704,21.66666667,20.92592593,471,12,9,1
13.14814815,22.03703704,12.77777778,12.03703704,21.66666667,20.92592593,472,12,9,2
13.14814815,22.77777778,12.77777778,12.03703704,23.14814815,23.88888889,473,13,9,1
13.14814815,23.51851852,12.77777778,12.03703704,23.14814815,23.88888889,474,13,9,2
13.14814815,24.25925926,12.77777778,12.03703704,24.62962963,23.88888889,475,14,9,1
13.14814815,25,12.77777778,12.03703704,24.62962963,23.88888889,476,14,9,2
12.40740741,5,12.77777778,12.03703704,5.37037037,6.111111111,477,1,9,4
12.40740741,5.740740741,12.77777778,12.03703704,5.37037037,6.111111111,478,1,9,3
12.40740741,6.481481481,12.77777778,12.03703704,6.851851852,6.111111111,479,2,9,4
12.40740741,7.222222222,12.77777778,12.03703704,6.851851852,6.111111111,480,2,9,3
12.40740741,7.962962963,12.77777778,12.03703704,8.333333333,9.074074074,481,3,9,4
12.40740741,8.703703704,12.77777778,12.03703704,8.333333333,9.074074074,482,3,9,3
12.40740741,9.444444444,12.77777778,12.03703704,9.814814815,9.074074074,483,4,9,4
12.40740741,10.18518519,12.77777778,12.03703704,9.814814815,9.074074074,484,4,9,3
12.40740741,10.92592593,12.77777778,12.03703704,11.2962963,12.03703704,485,5,9,4
12.40740741,11.66666667,12.77777778,12.03703704,11.2962963,12.03703704,486,5,9,3
12.40740741,12.40740741,12.77777778,12.03703704,12.77777778,12.03703704,487,6,9,4
12.40740741,13.14814815,12.77777778,12.03703704,12.77777778,12.03703704,488,6,9,3
12.40740741,13.88888889,12.77777778,12.03703704,14.25925926,15,489,7,9,4
12.40740741,14.62962963,12.77777778,12.03703704,14.25925926,15,490,7,9,3
12.40740741,15.37037037,12.77777778,12.03703704,15.74074074,15,491,8,9,4
12.40740741,16.11111111,12.77777778,12.03703704,15.74074074,15,492,8,9,3
12.40740741,16.85185185,12.77777778,12.03703704,17.22222222,17.96296296,493,9,9,4
12.40740741,17.59259259,12.77777778,12.03703704,17.22222222,17.96296296,494,9,9,3
12.40740741,18.33333333,12.77777778,12.03703704,18.7037037,17.96296296,495,10,9,4
12.40740741,19.07407407,12.77777778,12.03703704,18.7037037,17.96296296,496,10,9,3
12.40740741,19.81481481,12.77777778,12.03703704,20.18518519,20.92592593,497,11,9,4
12.40740741,20.55555556,12.77777778,12.03703704,20.18518519,20.92592593,498,11,9,3
12.40740741,21.2962963,12.77777778,12.03703704,21.66666667,20.92592593,499,12,9,4
12.40740741,22.03703704,12.77777778,12.03703704,21.66666667,20.92592593,500,12,9,3
12.40740741,22.77777778,12.77777778,12.03703704,23.14814815,23.88888889,501,13,9,4
12.40740741,23.51851852,12.77777778,12.03703704,23.14814815,23.88888889,502,13,9,3
12.40740741,24.25925926,12.77777778,12.03703704,24.62962963,23.88888889,503,14,9,4
12.40740741,25,12.77777778,12.03703704,24.62962963,23.88888889,504,14,9,3
11.66666667,5,11.2962963,12.03703704,5.37037037,6.111111111,505,1,10,1
11.66666667,5.740740741,11.2962963,12.03703704,5.37037037,6.111111111,506,1,10,2
11.66666667,6.481481481,11.2962963,12.03703704,6.851851852,6.111111111,507,2,10,1
11.66666667,7.222222222,11.2962963,12.03703704,6.851851852,6.111111111,508,2,10,2
11.66666667,7.962962963,11.2962963,12.03703704,8.333333333,9.074074074,509,3,10,1
11.66666667,8.703703704,11.2962963,12.03703704,8.333333333,9.074074074,510,3,10,2
11.66666667,9.444444444,11.2962963,12.03703704,9.814814815,9.074074074,511,4,10,1
11.66666667,10.18518519,11.2962963,12.03703704,9.814814815,9.074074074,512,4,10,2
11.66666667,10.92592593,11.2962963,12.03703704,11.2962963,12.03703704,513,5,10,1
11.66666667,11.66666667,11.2962963,12.03703704,11.2962963,12.03703704,514,5,10,2
11.66666667,12.40740741,11.2962963,12.03703704,12.77777778,12.03703704,515,6,10,1
11.66666667,13.14814815,11.2962963,12.03703704,12.77777778,12.03703704,516,6,10,2
11.66666667,13.88888889,11.2962963,12.03703704,14.25925926,15,517,7,10,1
11.66666667,14.62962963,11.2962963,12.03703704,14.25925926,15,518,7,10,2
11.66666667,15.37037037,11.2962963,12.03703704,15.74074074,15,519,8,10,1
11.66666667,16.11111111,11.2962963,12.03703704,15.74074074,15,520,8,10,2
11.66666667,16.85185185,11.2962963,12.03703704,17.22222222,17.96296296,521,9,10,1
11.66666667,17.59259259,11.2962963,12.03703704,17.22222222,17.96296296,522,9,10,2
11.66666667,18.33333333,11.2962963,12.03703704,18.7037037,17.96296296,523,10,10,1
11.66666667,19.07407407,11.2962963,12.03703704,18.7037037,17.96296296,524,10,10,2
11.66666667,19.81481481,11.2962963,12.03703704,20.18518519,20.92592593,525,11,10,1
11.66666667,20.55555556,11.2962963,12.03703704,20.18518519,20.92592593,526,11,10,2
11.66666667,21.2962963,11.2962963,12.03703704,21.66666667,20.92592593,527,12,10,1
11.66666667,22.03703704,11.2962963,12.03703704,21.66666667,20.92592593,528,12,10,2
11.66666667,22.77777778,11.2962963,12.03703704,23.14814815,23.88888889,529,13,10,1
11.66666667,23.51851852,11.2962963,12.03703704,23.14814815,23.88888889,530,13,10,2
11.66666667,24.25925926,11.2962963,12.03703704,24.62962963,23.88888889,531,14,10,1
11.66666667,25,11.2962963,12.03703704,24.62962963,23.88888889,532,14,10,2
10.92592593,5,11.2962963,12.03703704,5.37037037,6.111111111,533,1,10,4
10.92592593,5.740740741,11.2962963,12.03703704,5.37037037,6.111111111,534,1,10,3
10.92592593,6.481481481,11.2962963,12.03703704,6.851851852,6.111111111,535,2,10,4
10.92592593,7.222222222,11.2962963,12.03703704,6.851851852,6.111111111,536,2,10,3
10.92592593,7.962962963,11.2962963,12.03703704,8.333333333,9.074074074,537,3,10,4
10.92592593,8.703703704,11.2962963,12.03703704,8.333333333,9.074074074,538,3,10,3
10.92592593,9.444444444,11.2962963,12.03703704,9.814814815,9.074074074,539,4,10,4
10.92592593,10.18518519,11.2962963,12.03703704,9.814814815,9.074074074,540,4,10,3
10.92592593,10.92592593,11.2962963,12.03703704,11.2962963,12.03703704,541,5,10,4
10.92592593,11.66666667,11.2962963,12.03703704,11.2962963,12.03703704,542,5,10,3
10.92592593,12.40740741,11.2962963,12.03703704,12.77777778,12.03703704,543,6,10,4
10.92592593,13.14814815,11.2962963,12.03703704,12.77777778,12.03703704,544,6,10,3
10.92592593,13.88888889,11.2962963,12.03703704,14.25925926,15,545,7,10,4
10.92592593,14.62962963,11.2962963,12.03703704,14.25925926,15,546,7,10,3
10.92592593,15.37037037,11.2962963,12.03703704,15.74074074,15,547,8,10,4
10.92592593,16.11111111,11.2962963,12.03703704,15.74074074,15,548,8,10,3
10.92592593,16.85185185,11.2962963,12.03703704,17.22222222,17.96296296,549,9,10,4
10.92592593,17.59259259,11.2962963,12.03703704,17.22222222,17.96296296,550,9,10,3
10.92592593,18.33333333,11.2962963,12.03703704,18.7037037,17.96296296,551,10,10,4
10.92592593,19.07407407,11.2962963,12.03703704,18.7037037,17.96296296,552,10,10,3
10.92592593,19.81481481,11.2962963,12.03703704,20.18518519,20.92592593,553,11,10,4
10.92592593,20.55555556,11.2962963,12.03703704,20.18518519,20.92592593,554,11,10,3
10.92592593,21.2962963,11.2962963,12.03703704,21.66666667,20.92592593,555,12,10,4
10.92592593,22.03703704,11.2962963,12.03703704,21.66666667,20.92592593,556,12,10,3
10.92592593,22.77777778,11.2962963,12.03703704,23.14814815,23.88888889,557,13,10,4
10.92592593,23.51851852,11.2962963,12.03703704,23.14814815,23.88888889,558,13,10,3
10.92592593,24.25925926,11.2962963,12.03703704,24.62962963,23.88888889,559,14,10,4
10.92592593,25,11.2962963,12.03703704,24.62962963,23.88888889,560,14,10,3
10.18518519,5,9.814814815,9.074074074,5.37037037,6.111111111,561,1,11,1
10.18518519,5.740740741,9.814814815,9.074074074,5.37037037,6.111111111,562,1,11,2
10.18518519,6.481481481,9.814814815,9.074074074,6.851851852,6.111111111,563,2,11,1
10.18518519,7.222222222,9.814814815,9.074074074,6.851851852,6.111111111,564,2,11,2
10.18518519,7.962962963,9.814814815,9.074074074,8.333333333,9.074074074,565,3,11,1
10.18518519,8.703703704,9.814814815,9.074074074,8.333333333,9.074074074,566,3,11,2
10.18518519,9.444444444,9.814814815,9.074074074,9.814814815,9.074074074,567,4,11,1
10.18518519,10.18518519,9.814814815,9.074074074,9.814814815,9.074074074,568,4,11,2
10.18518519,10.92592593,9.814814815,9.074074074,11.2962963,12.03703704,569,5,11,1
10.18518519,11.66666667,9.814814815,9.074074074,11.2962963,12.03703704,570,5,11,2
10.18518519,12.40740741,9.814814815,9.074074074,12.77777778,12.03703704,571,6,11,1
10.18518519,13.14814815,9.814814815,9.074074074,12.77777778,12.03703704,572,6,11,2
10.18518519,13.88888889,9.814814815,9.074074074,14.25925926,15,573,7,11,1
10.18518519,14.62962963,9.814814815,9.074074074,14.25925926,15,574,7,11,2
10.18518519,15.37037037,9.814814815,9.074074074,15.74074074,15,575,8,11,1
10.18518519,16.11111111,9.814814815,9.074074074,15.74074074,15,576,8,11,2
10.18518519,16.85185185,9.814814815,9.074074074,17.22222222,17.96296296,577,9,11,1
10.18518519,17.59259259,9.814814815,9.074074074,17.22222222,17.96296296,578,9,11,2
10.18518519,18.33333333,9.814814815,9.074074074,18.7037037,17.96296296,579,10,11,1
10.18518519,19.07407407,9.814814815,9.074074074,18.7037037,17.96296296,580,10,11,2
10.18518519,19.81481481,9.814814815,9.074074074,20.18518519,20.92592593,581,11,11,1
10.18518519,20.55555556,9.814814815,9.074074074,20.18518519,20.92592593,582,11,11,2
10.18518519,21.2962963,9.814814815,9.074074074,21.66666667,20.92592593,583,12,11,1
10.18518519,22.03703704,9.814814815,9.074074074,21.66666667,20.92592593,584,12,11,2
10.18518519,22.77777778,9.814814815,9.074074074,23.14814815,23.88888889,585,13,11,1
10.18518519,23.51851852,9.814814815,9.074074074,23.14814815,23.88888889,586,13,11,2
10.18518519,24.25925926,9.814814815,9.074074074,24.62962963,23.88888889,587,14,11,1
10.18518519,25,9.814814815,9.074074074,24.62962963,23.88888889,588,14,11,2
9.444444444,5,9.814814815,9.074074074,5.37037037,6.111111111,589,1,11,4
9.444444444,5.740740741,9.814814815,9.074074074,5.37037037,6.111111111,590,1,11,3
9.444444444,6.481481481,9.814814815,9.074074074,6.851851852,6.111111111,591,2,11,4
9.444444444,7.222222222,9.814814815,9.074074074,6.851851852,6.111111111,592,2,11,3
9.444444444,7.962962963,9.814814815,9.074074074,8.333333333,9.074074074,593,3,11,4
9.444444444,8.703703704,9.814814815,9.074074074,8.333333333,9.074074074,594,3,11,3
9.444444444,9.444444444,9.814814815,9.074074074,9.814814815,9.074074074,595,4,11,4
9.444444444,10.18518519,9.814814815,9.074074074,9.814814815,9.074074074,596,4,11,3
9.444444444,10.92592593,9.814814815,9.074074074,11.2962963,12.03703704,597,5,11,4
9.444444444,11.66666667,9.814814815,9.074074074,11.2962963,12.03703704,598,5,11,3
9.444444444,12.40740741,9.814814815,9.074074074,12.77777778,12.03703704,599,6,11,4
9.444444444,13.14814815,9.814814815,9.074074074,12.77777778,12.03703704,600,6,11,3
9.444444444,13.88888889,9.814814815,9.074074074,14.25925926,15,601,7,11,4
9.444444444,14.62962963,9.814814815,9.074074074,14.25925926,15,602,7,11,3
9.444444444,15.37037037,9.814814815,9.074074074,15.74074074,15,603,8,11,4
9.444444444,16.11111111,9.814814815,9.074074074,15.74074074,15,604,8,11,3
9.444444444,16.85185185,9.814814815,9.074074074,17.22222222,17.96296296,605,9,11,4
9.444444444,17.59259259,9.814814815,9.074074074,17.22222222,17.96296296,606,9,11,3
9.444444444,18.33333333,9.814814815,9.074074074,18.7037037,17.96296296,607,10,11,4
9.444444444,19.07407407,9.814814815,9.074074074,18.7037037,17.96296296,608,10,11,3
9.444444444,19.81481481,9.814814815,9.074074074,20.18518519,20.92592593,609,11,11,4
9.444444444,20.55555556,9.814814815,9.074074074,20.18518519,20.92592593,610,11,11,3
9.444444444,21.2962963,9.814814815,9.074074074,21.66666667,20.92592593,611,12,11,4
9.444444444,22.03703704,9.814814815,9.074074074,21.66666667,20.92592593,612,12,11,3
9.444444444,22.77777778,9.814814815,9.074074074,23.14814815,23.88888889,613,13,11,4
9.444444444,23.51851852,9.814814815,9.074074074,23.14814815,23.88888889,614,13,11,3
9.444444444,24.25925926,9.814814815,9.074074074,24.62962963,23.88888889,615,14,11,4
9.444444444,25,9.814814815,9.074074074,24.62962963,23.88888889,616,14,11,3
8.703703704,5,8.333333333,9.074074074,5.37037037,6.111111111,617,1,12,1
8.703703704,5.740740741,8.333333333,9.074074074,5.37037037,6.111111111,618,1,12,2
8.703703704,6.481481481,8.333333333,9.074074074,6.851851852,6.111111111,619,2,12,1
8.703703704,7.222222222,8.333333333,9.074074074,6.851851852,6.111111111,620,2,12,2
8.703703704,7.962962963,8.333333333,9.074074074,8.333333333,9.074074074,621,3,12,1
8.703703704,8.703703704,8.333333333,9.074074074,8.333333333,9.074074074,622,3,12,2
8.703703704,9.444444444,8.333333333,9.074074074,9.814814815,9.074074074,623,4,12,1
8.703703704,10.18518519,8.333333333,9.074074074,9.814814815,9.074074074,624,4,12,2
8.703703704,10.92592593,8.333333333,9.074074074,11.2962963,12.03703704,625,5,12,1
8.703703704,11.66666667,8.333333333,9.074074074,11.2962963,12.03703704,626,5,12,2
8.703703704,12.40740741,8.333333333,9.074074074,12.77777778,12.03703704,627,6,12,1
8.703703704,13.14814815,8.333333333,9.074074074,12.77777778,12.03703704,628,6,12,2
8.703703704,13.88888889,8.333333333,9.074074074,14.25925926,15,629,7,12,1
8.703703704,14.62962963,8.333333333,9.074074074,14.25925926,15,630,7,12,2
8.703703704,15.37037037,8.333333333,9.074074074,15.74074074,15,631,8,12,1
8.703703704,16.11111111,8.333333333,9.074074074,15.74074074,15,632,8,12,2
8.703703704,16.85185185,8.333333333,9.074074074,17.22222222,17.96296296,633,9,12,1
8.703703704,17.59259259,8.333333333,9.074074074,17.22222222,17.96296296,634,9,12,2
8.703703704,18.33333333,8.333333333,9.074074074,18.7037037,17.96296296,635,10,12,1
8.703703704,19.07407407,8.333333333,9.074074074,18.7037037,17.96296296,636,10,12,2
8.703703704,19.81481481,8.333333333,9.074074074,20.18518519,20.92592593,637,11,12,1
8.703703704,20.55555556,8.333333333,9.074074074,20.18518519,20.92592593,638,11,12,2
8.703703704,21.2962963,8.333333333,9.074074074,21.66666667,20.92592593,639,12,12,1
8.703703704,22.03703704,8.333333333,9.074074074,21.66666667,20.92592593,640,12,12,2
8.703703704,22.77777778,8.333333333,9.074074074,23.14814815,23.88888889,641,13,12,1
8.703703704,23.51851852,8.333333333,9.074074074,23.14814815,23.88888889,642,13,12,2
8.703703704,24.25925926,8.333333333,9.074074074,24.62962963,23.88888889,643,14,12,1
8.703703704,25,8.333333333,9.074074074,24.62962963,23.88888889,644,14,12,2
7.962962963,5,8.333333333,9.074074074,5.37037037,6.111111111,645,1,12,4
7.962962963,5.740740741,8.333333333,9.074074074,5.37037037,6.111111111,646,1,12,3
7.962962963,6.481481481,8.333333333,9.074074074,6.851851852,6.111111111,647,2,12,4
7.962962963,7.222222222,8.333333333,9.074074074,6.851851852,6.111111111,648,2,12,3
7.962962963,7.962962963,8.333333333,9.074074074,8.333333333,9.074074074,649,3,12,4
7.962962963,8.703703704,8.333333333,9.074074074,8.333333333,9.074074074,650,3,12,3
7.962962963,9.444444444,8.333333333,9.074074074,9.814814815,9.074074074,651,4,12,4
7.962962963,10.18518519,8.333333333,9.074074074,9.814814815,9.074074074,652,4,12,3
7.962962963,10.92592593,8.333333333,9.074074074,11.2962963,12.03703704,653,5,12,4
7.962962963,11.66666667,8.333333333,9.074074074,11.2962963,12.03703704,654,5,12,3
7.962962963,12.40740741,8.333333333,9.074074074,12.77777778,12.03703704,655,6,12,4
7.962962963,13.14814815,8.333333333,9.074074074,12.77777778,12.03703704,656,6,12,3
7.962962963,13.88888889,8.333333333,9.074074074,14.25925926,15,657,7,12,4
7.962962963,14.62962963,8.333333333,9.074074074,14.25925926,15,658,7,12,3
7.962962963,15.37037037,8.333333333,9.074074074,15.74074074,15,659,8,12,4
7.962962963,16.11111111,8.333333333,9.074074074,15.74074074,15,660,8,12,3
7.962962963,16.85185185,8.333333333,9.074074074,17.22222222,17.96296296,661,9,12,4
7.962962963,17.59259259,8.333333333,9.074074074,17.22222222,17.96296296,662,9,12,3
7.962962963,18.33333333,8.333333333,9.074074074,18.7037037,17.96296296,663,10,12,4
7.962962963,19.07407407,8.333333333,9.074074074,18.7037037,17.96296296,664,10,12,3
7.962962963,19.81481481,8.333333333,9.074074074,20.18518519,20.92592593,665,11,12,4
7.962962963,20.55555556,8.333333333,9.074074074,20.18518519,20.92592593,666,11,12,3
7.962962963,21.2962963,8.333333333,9.074074074,21.66666667,20.92592593,667,12,12,4
7.962962963,22.03703704,8.333333333,9.074074074,21.66666667,20.92592593,668,12,12,3
7.962962963,22.77777778,8.333333333,9.074074074,23.14814815,23.88888889,669,13,12,4
7.962962963,23.51851852,8.333333333,9.074074074,23.14814815,23.88888889,670,13,12,3
7.962962963,24.25925926,8.333333333,9.074074074,24.62962963,23.88888889,671,14,12,4
7.962962963,25,8.333333333,9.074074074,24.62962963,23.88888889,672,14,12,3
7.222222222,5,6.851851852,6.111111111,5.37037037,6.111111111,673,1,13,1
7.222222222,5.740740741,6.851851852,6.111111111,5.37037037,6.111111111,674,1,13,2
7.222222222,6.481481481,6.851851852,6.111111111,6.851851852,6.111111111,675,2,13,1
7.222222222,7.222222222,6.851851852,6.111111111,6.851851852,6.111111111,676,2,13,2
7.222222222,7.962962963,6.851851852,6.111111111,8.333333333,9.074074074,677,3,13,1
7.222222222,8.703703704,6.851851852,6.111111111,8.333333333,9.074074074,678,3,13,2
7.222222222,9.444444444,6.851851852,6.111111111,9.814814815,9.074074074,679,4,13,1
7.222222222,10.18518519,6.851851852,6.111111111,9.814814815,9.074074074,680,4,13,2
7.222222222,10.92592593,6.851851852,6.111111111,11.2962963,12.03703704,681,5,13,1
7.222222222,11.66666667,6.851851852,6.111111111,11.2962963,12.03703704,682,5,13,2
7.222222222,12.40740741,6.851851852,6.111111111,12.77777778,12.03703704,683,6,13,1
7.222222222,13.14814815,6.851851852,6.111111111,12.77777778,12.03703704,684,6,13,2
7.222222222,13.88888889,6.851851852,6.111111111,14.25925926,15,685,7,13,1
7.222222222,14.62962963,6.851851852,6.111111111,14.25925926,15,686,7,13,2
7.222222222,15.37037037,6.851851852,6.111111111,15.74074074,15,687,8,13,1
7.222222222,16.11111111,6.851851852,6.111111111,15.74074074,15,688,8,13,2
7.222222222,16.85185185,6.851851852,6.111111111,17.22222222,17.96296296,689,9,13,1
7.222222222,17.59259259,6.851851852,6.111111111,17.22222222,17.96296296,690,9,13,2
7.222222222,18.33333333,6.851851852,6.111111111,18.7037037,17.96296296,691,10,13,1
7.222222222,19.07407407,6.851851852,6.111111111,18.7037037,17.96296296,692,10,13,2
7.222222222,19.81481481,6.851851852,6.111111111,20.18518519,20.92592593,693,11,13,1
7.222222222,20.55555556,6.851851852,6.111111111,20.18518519,20.92592593,694,11,13,2
7.222222222,21.2962963,6.851851852,6.111111111,21.66666667,20.92592593,695,12,13,1
7.222222222,22.03703704,6.851851852,6.111111111,21.66666667,20.92592593,696,12,13,2
7.222222222,22.77777778,6.851851852,6.111111111,23.14814815,23.88888889,697,13,13,1
7.222222222,23.51851852,6.851851852,6.111111111,23.14814815,23.88888889,698,13,13,2
7.222222222,24.25925926,6.851851852,6.111111111,24.62962963,23.88888889,699,14,13,1
7.222222222,25,6.851851852,6.111111111,24.62962963,23.88888889,700,14,13,2
6.481481481,5,6.851851852,6.111111111,5.37037037,6.111111111,701,1,13,4
6.481481481,5.740740741,6.851851852,6.111111111,5.37037037,6.111111111,702,1,13,3
6.481481481,6.481481481,6.851851852,6.111111111,6.851851852,6.111111111,703,2,13,4
6.481481481,7.222222222,6.851851852,6.111111111,6.851851852,6.111111111,704,2,13,3
6.481481481,7.962962963,6.851851852,6.111111111,8.333333333,9.074074074,705,3,13,4
6.481481481,8.703703704,6.851851852,6.111111111,8.333333333,9.074074074,706,3,13,3
6.481481481,9.444444444,6.851851852,6.111111111,9.814814815,9.074074074,707,4,13,4
6.481481481,10.18518519,6.851851852,6.111111111,9.814814815,9.074074074,708,4,13,3
6.481481481,10.92592593,6.851851852,6.111111111,11.2962963,12.03703704,709,5,13,4
6.481481481,11.66666667,6.851851852,6.111111111,11.2962963,12.03703704,710,5,13,3
6.481481481,12.40740741,6.851851852,6.111111111,12.77777778,12.03703704,711,6,13,4
6.481481481,13.14814815,6.851851852,6.111111111,12.77777778,12.03703704,712,6,13,3
6.481481481,13.88888889,6.851851852,6.111111111,14.25925926,15,713,7,13,4
6.481481481,14.62962963,6.851851852,6.111111111,14.25925926,15,714,7,13,3
6.481481481,15.37037037,6.851851852,6.111111111,15.74074074,15,715,8,13,4
6.481481481,16.11111111,6.851851852,6.111111111,15.74074074,15,716,8,13,3
6.481481481,16.85185185,6.851851852,6.111111111,17.22222222,17.96296296,717,9,13,4
6.481481481,17.59259259,6.851851852,6.111111111,17.22222222,17.96296296,718,9,13,3
6.481481481,18.33333333,6.851851852,6.111111111,18.7037037,17.96296296,719,10,13,4
6.481481481,19.07407407,6.851851852,6.111111111,18.7037037,17.96296296,720,10,13,3
6.481481481,19.81481481,6.851851852,6.111111111,20.18518519,20.92592593,721,11,13,4
6.481481481,20.55555556,6.851851852,6.111111111,20.18518519,20.92592593,722,11,13,3
6.481481481,21.2962963,6.851851852,6.111111111,21.66666667,20.92592593,723,12,13,4
6.481481481,22.03703704,6.851851852,6.111111111,21.66666667,20.92592593,724,12,13,3
6.481481481,22.77777778,6.851851852,6.111111111,23.14814815,23.88888889,725,13,13,4
6.481481481,23.51851852,6.851851852,6.111111111,23.14814815,23.88888889,726,13,13,3
6.481481481,24.25925926,6.851851852,6.111111111,24.62962963,23.88888889,727,14,13,4
6.481481481,25,6.851851852,6.111111111,24.62962963,23.88888889,728,14,13,3
5.740740741,5,5.37037037,6.111111111,5.37037037,6.111111111,729,1,14,1
5.740740741,5.740740741,5.37037037,6.111111111,5.37037037,6.111111111,730,1,14,2
5.740740741,6.481481481,5.37037037,6.111111111,6.851851852,6.111111111,731,2,14,1
5.740740741,7.222222222,5.37037037,6.111111111,6.851851852,6.111111111,732,2,14,2
5.740740741,7.962962963,5.37037037,6.111111111,8.333333333,9.074074074,733,3,14,1
5.740740741,8.703703704,5.37037037,6.111111111,8.333333333,9.074074074,734,3,14,2
5.740740741,9.444444444,5.37037037,6.111111111,9.814814815,9.074074074,735,4,14,1
5.740740741,10.18518519,5.37037037,6.111111111,9.814814815,9.074074074,736,4,14,2
5.740740741,10.92592593,5.37037037,6.111111111,11.2962963,12.03703704,737,5,14,1
5.740740741,11.66666667,5.37037037,6.111111111,11.2962963,12.03703704,738,5,14,2
5.740740741,12.40740741,5.37037037,6.111111111,12.77777778,12.03703704,739,6,14,1
5.740740741,13.14814815,5.37037037,6.111111111,12.77777778,12.03703704,740,6,14,2
5.740740741,13.88888889,5.37037037,6.111111111,14.25925926,15,741,7,14,1
5.740740741,14.62962963,5.37037037,6.111111111,14.25925926,15,742,7,14,2
5.740740741,15.37037037,5.37037037,6.111111111,15.74074074,15,743,8,14,1
5.740740741,16.11111111,5.37037037,6.111111111,15.74074074,15,744,8,14,2
5.740740741,16.85185185,5.37037037,6.111111111,17.22222222,17.96296296,745,9,14,1
5.740740741,17.59259259,5.37037037,6.111111111,17.22222222,17.96296296,746,9,14,2
5.740740741,18.33333333,5.37037037,6.111111111,18.7037037,17.96296296,747,10,14,1
5.740740741,19.07407407,5.37037037,6.111111111,18.7037037,17.96296296,748,10,14,2
5.740740741,19.81481481,5.37037037,6.111111111,20.18518519,20.92592593,749,11,14,1
5.740740741,20.55555556,5.37037037,6.111111111,20.18518519,20.92592593,750,11,14,2
5.740740741,21.2962963,5.37037037,6.111111111,21.66666667,20.92592593,751,12,14,1
5.740740741,22.03703704,5.37037037,6.111111111,21.66666667,20.92592593,752,12,14,2
5.740740741,22.77777778,5.37037037,6.111111111,23.14814815,23.88888889,753,13,14,1
5.740740741,23.51851852,5.37037037,6.111111111,23.14814815,23.88888889,754,13,14,2
5.740740741,24.25925926,5.37037037,6.111111111,24.62962963,23.88888889,755,14,14,1
5.740740741,25,5.37037037,6.111111111,24.62962963,23.88888889,756,14,14,2
5,5,5.37037037,6.111111111,5.37037037,6.111111111,757,1,14,4
5,5.740740741,5.37037037,6.111111111,5.37037037,6.111111111,758,1,14,3
5,6.481481481,5.37037037,6.111111111,6.851851852,6.111111111,759,2,14,4
5,7.222222222,5.37037037,6.111111111,6.851851852,6.111111111,760,2,14,3
5,7.962962963,5.37037037,6.111111111,8.333333333,9.074074074,761,3,14,4
5,8.703703704,5.37037037,6.111111111,8.333333333,9.074074074,762,3,14,3
5,9.444444444,5.37037037,6.111111111,9.814814815,9.074074074,763,4,14,4
5,10.18518519,5.37037037,6.111111111,9.814814815,9.074074074,764,4,14,3
5,10.92592593,5.37037037,6.111111111,11.2962963,12.03703704,765,5,14,4
5,11.66666667,5.37037037,6.111111111,11.2962963,12.03703704,766,5,14,3
5,12.40740741,5.37037037,6.111111111,12.77777778,12.03703704,767,6,14,4
5,13.14814815,5.37037037,6.111111111,12.77777778,12.03703704,768,6,14,3
5,13.88888889,5.37037037,6.111111111,14.25925926,15,769,7,14,4
5,14.62962963,5.37037037,6.111111111,14.25925926,15,770,7,14,3
5,15.37037037,5.37037037,6.111111111,15.74074074,15,771,8,14,4
5,16.11111111,5.37037037,6.111111111,15.74074074,15,772,8,14,3
5,16.85185185,5.37037037,6.111111111,17.22222222,17.96296296,773,9,14,4
5,17.59259259,5.37037037,6.111111111,17.22222222,17.96296296,774,9,14,3
5,18.33333333,5.37037037,6.111111111,18.7037037,17.96296296,775,10,14,4
5,19.07407407,5.37037037,6.111111111,18.7037037,17.96296296,776,10,14,3
5,19.81481481,5.37037037,6.111111111,20.18518519,20.92592593,777,11,14,4
5,20.55555556,5.37037037,6.111111111,20.18518519,20.92592593,778,11,14,3
5,21.2962963,5.37037037,6.111111111,21.66666667,20.92592593,779,12,14,4
5,22.03703704,5.37037037,6.111111111,21.66666667,20.92592593,780,12,14,3
5,22.77777778,5.37037037,6.111111111,23.14814815,23.88888889,781,13,14,4
5,23.51851852,5.37037037,6.111111111,23.14814815,23.88888889,782,13,14,3
5,24.25925926,5.37037037,6.111111111,24.62962963,23.88888889,783,14,14,4
5,25,5.37037037,6.111111111,24.62962963,23.88888889,784,14,14,3